TIC ID,CTOI,Transit Epoch (BJD),Period (days),Planet Radius (R_Earth),Duration (hours),Depth (mmag),CTOI Category
17361,17361.01,2458596.96,3.607,13.46,0.089,10.951,Promoted to TOI
1449756,1449756.01,2458414.854,23.299,12.17,0.266,2.275,Promoted to TOI
1525480,1525480.01,2458543.36,5.51,8.75,0.136,8.693,Promoted to TOI
2760219,2760219.01,2458353.132,4.663,13.14,0.094,5.89,Promoted to TOI
3224605,3224605.01,2459483.011,28.645,8.648,4.285,8.735,Promoted to TOI
4843495,4843495.01,2458875.55,nan,2.5,8.0,0.47,Promoted to TOI
4918918,4918918.01,2459612.886,3.89,3.45,4.8,6.125,Promoted to TOI
7422496,7422496.01,2458470.354,0.0,2.4,5.9,0.76,Promoted to TOI
7548817,7548817.01,2458687.086,4.521,15.935,4.597,9.667,Promoted to TOI
9443323,9443323.01,2458818.027,4.013,15.51,3.923,8.348,Promoted to TOI
9907513,9907513.01,2458843.636,1.274,2.733,1.055,1.266,Promoted to TOI
9989136,9989136.01,2458848.682,6.188,1.996,2.777,0.85,Promoted to TOI
11521555,11521555.01,2458515.692,5.867,17.91,0.17,2.787,Promoted to TOI
13737885,13737885.01,2458516.858,4.466,14.86,0.22,4.432,Promoted to TOI
17932757,17932757.01,2458903.546,nan,2.7,4.3,1.521,Promoted to TOI
19342878,19342878.01,2459963.43,1.333,15.32,2.5,21.093,Promoted to TOI
20299658,20299658.01,2458455.736,31.989,nan,nan,nan,Promoted to TOI
20318757,20318757.03,2458549.224,5.009,nan,1.12,1.111,Promoted to TOI
20579360,20579360.01,2458575.42,8.357,nan,nan,nan,Promoted to TOI
21279791,21279791.01,2458685.697,3.018,9.844,3.232,7.899,Promoted to TOI
24358417,24358417.01,2458436.092,22.659,9.02,0.156,11.298,Promoted to TOI
24695044,24695044.01,2458323.164,4.165,8.05,0.092,8.537,Promoted to TOI
26547036,26547036.01,2458712.3,0.0,11.0,8.5,10.912,Promoted to TOI
27064468,27064468.01,2459528.775,5.461,4.9,3.8,1.456,Promoted to TOI
27318774,27318774.01,2458686.674,3.245,nan,8.117,26.608,Promoted to TOI
27774415,27774415.01,2458686.309,4.941,nan,4.045,9.164,Promoted to TOI
27916356,27916356.01,2458684.086,3.236,nan,5.608,8.967,Promoted to TOI
27990610,27990610.01,2458685.154,2.815,nan,2.031,3.28,Promoted to TOI
29106627,29106627.01,2459580.834,9.525,2.6,2.8,1.075,Promoted to TOI
29169215,29169215.01,2458872.505,nan,nan,3.5,1.76,Promoted to TOI
29959761,29959761.01,2458412.056,1.647,5.79,0.049,5.544,Promoted to TOI
30947715,30947715.01,2458438.153,3.66,3.74,0.14,0.944,Promoted to TOI
31656385,31656385.01,2458320.145,22.827,16.14,0.293,10.327,Promoted to TOI
32296259,32296259.01,2458490.123,2.778,5.085,0.09,6.416,Promoted to TOI
32677675,32677675.01,2458469.366,3.637,17.715,3.9,19.154,Promoted to TOI
32925763,32925763.01,2458468.175,1.681,6.24,0.058,3.023,Promoted to TOI
35022727,35022727.01,2458793.14,3.652,4.829,2.851,2.428,Promoted to TOI
35636165,35636165.01,2458470.308,3.459,15.888,2.854,6.859,Promoted to TOI
37117064,37117064.01,2458483.1,nan,nan,nan,12.009,Promoted to TOI
37862966,37862966.01,2458439.935,3.584,8.462,3.19,5.604,Promoted to TOI
38399060,38399060.01,2458411.722,3.652,13.056,3.557,22.117,Promoted to TOI
38965512,38965512.01,2458327.556,2.269,12.764,3.04,12.829,Promoted to TOI
39218269,39218269.01,2458451.581,17.171,14.53,0.178,3.912,Promoted to TOI
39414571,39414571.01,2458467.311,4.02,8.7,0.116,9.681,Promoted to TOI
39724477,39724477.01,2458469.452,4.035,13.142,2.374,26.873,Promoted to TOI
43475220,43475220.01,2458440.064,18.52,3.868,3.518,1.465,Promoted to TOI
45896295,45896295.01,2458520.296,3.005,13.669,3.353,8.329,Promoted to TOI
47601197,47601197.01,2458467.961,8.626,8.26,0.124,4.559,Promoted to TOI
47601197,47601197.02,2458465.728,4.88,3.42,0.111,0.979,Promoted to TOI
48018596,48018596.01,2458713.46,0.0,5.0,4.8,1.63,Promoted to TOI
48217457,48217457.01,2458686.225,3.127,nan,2.518,4.218,Promoted to TOI
49043968,49043968.01,2458562.457,12.492,nan,nan,nan,Promoted to TOI
49045066,49045066.01,2458544.069,3.007,14.31,3.828,7.757,Promoted to TOI
49428710,49428710.01,2459527.296,12.219,4.7,4.7,1.662,Promoted to TOI
50309953,50309953.01,nan,7.04,5.5,nan,0.001,Promoted to TOI
52059926,52059926.01,2458350.18,nan,nan,nan,9.816,Promoted to TOI
53287554,53287554.01,2459556.891,4.724,2.81,2.706,1.727,Promoted to TOI
55525572,55525572.01,2458454.675,83.889,nan,14.0,1.133,Promoted to TOI
55849732,55849732.01,2458327.282,5.371,11.479,3.186,12.406,Promoted to TOI
56096837,56096837.01,2458441.052,4.664,13.072,2.857,11.101,Promoted to TOI
59859387,59859387.01,2458492.618,1.12,5.976,1.776,1.5,Promoted to TOI
63013648,63013648.01,nan,2459516.534,10.3,3.1,9.268,Promoted to TOI
63452790,63452790.01,2458684.144,2.686,nan,2.183,1.477,Promoted to TOI
63698669,63698669.01,2458364.61,0.0,nan,7.5,1.086,Promoted to TOI
66296167,66296167.01,2458819.491,3.412,13.661,2.986,16.591,Promoted to TOI
67196573,67196573.01,2458466.834,2.558,8.03,0.047,4.034,Promoted to TOI
67711670,67711670.01,2458798.985,nan,12.653,nan,7.078,Promoted to TOI
67881560,67881560.01,2459854.353,2.332,1.9,1.5,0.62,Promoted to TOI
70524163,70524163.01,2458383.164,4.348,10.75,0.206,3.523,Promoted to TOI
70887357,70887357.01,2458454.34,0.0,10.7,6.2,3.262,Promoted to TOI
71268730,71268730.01,2459391.366,1.722,11.72,1.76,31.896,Promoted to TOI
71582156,71582156.01,2458843.594,5.491,2.934,1.932,0.544,Promoted to TOI
72556406,72556406.01,2458465.108,5.564,11.11,0.214,3.919,Promoted to TOI
74274839,74274839.01,2458519.195,4.695,13.22,2.832,17.771,Promoted to TOI
74712191,74712191.01,2458523.877,7.231,16.177,4.822,10.631,Promoted to TOI
75878355,75878355.02,2459718.97,nan,8.5,5.5,11.261,Promoted to TOI
77437543,77437543.01,2458456.699,nan,nan,nan,12.009,Promoted to TOI
78441371,78441371.01,2458469.528,3.998,nan,4.441,6.094,Promoted to TOI
82452140,82452140.01,2458964.29,20.32,2.95,nan,1.521,Promoted to TOI
83154030,83154030.01,2458581.055,11.719,nan,nan,nan,Promoted to TOI
85293053,85293053.02,2459618.708,nan,6.0,5.4,3.306,Promoted to TOI
85429139,85429139.01,2458818.389,4.743,16.962,3.406,7.682,Promoted to TOI
88385463,88385463.01,2458845.469,3.123,13.859,2.84,15.265,Promoted to TOI
88565745,88565745.01,2458854.23,nan,9.847,nan,7.348,Promoted to TOI
88840705,88840705.01,2459026.649,nan,nan,4.7,4.352,Promoted to TOI
88902249,88902249.01,2458595.579,7.703,10.79,0.181,3.489,Promoted to TOI
91287873,91287873.01,2459515.173,26.693,2.8,3.8,1.815,Promoted to TOI
91555165,91555165.01,2458382.885,1.053,1.57,0.061,0.493,Promoted to TOI
91987762,91987762.01,2458894.255,0.0,9.5,4.7,3.262,Promoted to TOI
92590258,92590258.01,2459965.819,3.242,13.81,3.2,11.588,Promoted to TOI
95589845,95589845.01,2458493.886,3.566,14.569,4.208,6.306,Promoted to TOI
97165413,97165413.01,2458468.819,1.271,nan,nan,0.869,Promoted to TOI
97568467,97568467.01,2459226.41,21.316,11.87,6.87,2.052,Promoted to TOI
97766057,97766057.01,2458634.65,3.251,nan,6.5,2.391,Promoted to TOI
98957720,98957720.01,2458568.968,7.683,19.03,0.119,24.647,Promoted to TOI
100267480,100267480.01,2458653.681,0.877,6.53,0.038,12.058,Promoted to TOI
100589632,100589632.01,2458435.621,3.947,4.41,0.092,2.125,Promoted to TOI
101011575,101011575.02,2459269.933,18.878,2.88,3.8,1.695,Promoted to TOI
102713734,102713734.01,2458819.066,3.398,19.342,4.665,9.456,Promoted to TOI
102808276,102808276.01,2458819.289,3.143,17.03,2.656,32.746,Promoted to TOI
103195323,103195323.01,2459006.41,5.586,16.2,6.11,6.316,Promoted to TOI
103633672,103633672.01,2458850.35,0.0,3.5,7.0,2.174,Promoted to TOI
103751498,103751498.01,2458686.314,3.715,15.433,4.0,12.324,Promoted to TOI
104734832,104734832.01,2459912.751,10.327,10.0,9.0,1.346,Promoted to TOI
104986789,104986789.01,2458818.762,3.458,12.971,2.708,8.843,Promoted to TOI
105379013,105379013.01,2458871.426,3.295,9.938,2.552,12.142,Promoted to TOI
107340585,107340585.01,2458493.547,2.689,14.752,2.555,11.826,Promoted to TOI
110996418,110996418.01,2458580.65,0.0,12.7,3.6,13.108,Promoted to TOI
112316665,112316665.01,2458495.136,3.748,15.615,3.461,5.462,Promoted to TOI
115451738,115451738.01,2458816.593,2.081,28.83,5.911,22.7,Promoted to TOI
115453244,115453244.01,2458817.882,3.823,14.852,3.798,12.422,Promoted to TOI
116048097,116048097.01,2459767.614,8.055,5.0,5.0,2.174,Promoted to TOI
119131709,119131709.01,2459690.8,17.285,6.078,3.6,2.293,Promoted to TOI
119973835,119973835.01,24588985.68,nan,2.7,2.9,0.869,Promoted to TOI
119973835,119973835.02,2458993.25,nan,2.49,3.8,0.76,Promoted to TOI
120033290,120033290.01,2458654.883,2.266,14.07,3.682,5.235,Promoted to TOI
122441491,122441491.01,2458687.574,3.801,nan,2.183,8.125,Promoted to TOI
122596693,122596693.01,2458687.344,3.523,nan,2.489,13.961,Promoted to TOI
122617317,122617317.02,2459386.607,0.99,1.339,1.571,0.288,Promoted to TOI
123233041,123233041.01,2458684.446,3.523,nan,5.882,10.442,Promoted to TOI
123495874,123495874.01,2458687.684,7.886,nan,2.878,7.625,Promoted to TOI
123664207,123664207.01,2459225.806,nan,2.93,4.0,1.831,Promoted to TOI
124029677,124029677.01,2459218.012,nan,10.82,4.4,5.56,Promoted to TOI
124095888,124095888.01,2458570.146,1.125,10.7,0.027,2.022,Promoted to TOI
124206468,124206468.01,2458570.829,7.094,12.92,0.138,6.049,Promoted to TOI
124515764,124515764.01,2458570.846,1.272,3.95,0.104,1.106,Promoted to TOI
125520907,125520907.01,2459862.348,14.547,12.19,6.3,3.505,Promoted to TOI
126572546,126572546.01,nan,2.302,nan,5.5,1.086,Promoted to TOI
127505658,127505658.01,2458840.535,nan,10.425,nan,12.612,Promoted to TOI
129756316,129756316.01,2458789.937,6.526,19.505,0.26,8.362,Promoted to TOI
131419878,131419878.01,3458494.089,3.16,2.4,1.922,0.22,Promoted to TOI
133655284,133655284.01,2458500.5,2.61,nan,5.5,2.174,Promoted to TOI
134528212,134528212.01,2458492.26,1.605,15.573,1.846,14.928,Promoted to TOI
135036669,135036669.01,2458544.628,0.911,7.31,3.172,66.511,Promoted to TOI
135100529,135100529.01,2459640.621,4.341,nan,1.7,46.586,Promoted to TOI
138126035,138126035.01,2458954.323,nan,4.0,4.6,1.527,Promoted to TOI
138820713,138820713.01,2458900.393,1.926,1.36,1.512,0.881,Promoted to TOI
139198430,139198430.01,2458333.111,nan,7.1,1.3,10.875,Promoted to TOI
139444326,139444326.01,2458437.17,3.527,5.68,0.12,1.773,Promoted to TOI
139771134,139771134.01,2458335.212,0.913,nan,0.504,5.988,Promoted to TOI
139877968,139877968.01,2458314.82,18.615,13.14,0.16,11.606,Promoted to TOI
140830390,140830390.01,2458595.51,12.827,26.519,8.4,10.708,Promoted to TOI
141186075,141186075.01,2458349.717,32.699,1.213,5.176,0.12,Promoted to TOI
141186075,141186075.02,2458417.083,118.713,1.83,7.411,0.254,Promoted to TOI
141768070,141768070.01,2458569.618,2.786,11.751,1.44,12.606,Promoted to TOI
142087638,142087638.01,2458512.17,0.0,5.8,2.55,2.718,Promoted to TOI
142276270,142276270.04,2458697.752,18.805,nan,5.485,nan,Promoted to TOI
142387023,142387023.01,2458879.541,22.812,nan,4.333,nan,Promoted to TOI
142628514,142628514.01,2458493.628,2.626,15.566,3.366,5.298,Promoted to TOI
142784687,142784687.01,2458684.026,3.171,12.733,3.585,6.984,Promoted to TOI
143257768,143257768.01,2458656.457,1.662,17.94,0.131,12.788,Promoted to TOI
144124187,144124187.01,2458535.327,15.718,10.91,0.145,9.84,Promoted to TOI
144297844,144297844.01,2458541.054,3.496,3.44,0.057,1.765,Promoted to TOI
147034452,147034452.01,2458470.893,4.53,3.721,3.106,1.925,Promoted to TOI
147797743,147797743.01,2458843.989,3.692,15.383,2.634,18.275,Promoted to TOI
148478039,148478039.01,2458606.635,10.608,nan,nan,nan,Promoted to TOI
149601126,149601126.01,2459056.066,23.19,8.8,3.6,10.605,Promoted to TOI
149601126,149601126.02,2459123.27,49.23,10.8,6.7,15.627,Promoted to TOI
150030205,150030205.02,2458344.338,39.377,1.84,5.137,0.481,Promoted to TOI
150299840,150299840.01,2459204.577,19.475,18.0,7.487,8.313,Promoted to TOI
151483286,151483286.01,2458494.244,4.04,15.053,3.776,13.016,Promoted to TOI
152245179,152245179.01,2458492.059,3.79,9.682,3.7,1.018,Promoted to TOI
153065527,153065527.02,2458388.699,3.307,1.38,1.081,0.998,Promoted to TOI
153937417,153937417.01,2458843.119,4.16,10.058,2.614,18.373,Promoted to TOI
154304816,154304816.01,2458742.164,3.855,38.0,2.0,75.227,Promoted to TOI
154353849,154353849.01,2458739.457,3.167,8.05,2.946,4.45,Promoted to TOI
154568734,154568734.01,2458722.414,nan,2.954,9.192,0.521,Promoted to TOI
155258153,155258153.01,2458761.608,3.2,7.118,0.047,1.456,Promoted to TOI
155491828,155491828.01,2459233.495,16.05,19.4,4.5,15.308,Promoted to TOI
155873992,155873992.01,2458685.204,4.951,14.417,3.924,9.21,Promoted to TOI
155993822,155993822.01,2458415.689,12.284,16.259,4.697,9.401,Promoted to TOI
156999527,156999527.01,2458471.37,4.393,14.616,2.697,10.861,Promoted to TOI
157230659,157230659.01,2458572.852,7.535,nan,nan,5.333,Promoted to TOI
157698565,157698565.01,2458494.581,nan,nan,nan,9.706,Promoted to TOI
158167408,158167408.01,2458684.85,5.231,nan,1.923,4.062,Promoted to TOI
158241252,158241252.01,2459011.88,1.851,1.49,3.62,0.218,Promoted to TOI
158388163,158388163.01,2458684.69,4.22,nan,3.565,7.281,Promoted to TOI
158551257,158551257.01,2458684.54,0.904,nan,3.568,5.405,Promoted to TOI
159098316,159098316.01,2458685.396,3.577,nan,3.028,3.464,Promoted to TOI
159332859,159332859.01,2458684.774,4.482,18.666,2.352,20.497,Promoted to TOI
160003961,160003961.01,2458382.585,1.449,6.22,0.059,3.22,Promoted to TOI
160004025,160004025.01,2458383.517,2.798,13.647,2.691,14.276,Promoted to TOI
160037058,160037058.01,2458329.504,4.582,16.58,3.418,22.05,Promoted to TOI
160039081,160039081.01,2458752.93,0.0,2.4,4.8,0.543,Promoted to TOI
160432093,160432093.01,2458715.073,3.992,18.378,4.356,9.422,Promoted to TOI
160491359,160491359.01,2458684.16,2.663,1.54,2.606,0.309,Promoted to TOI
161003569,161003569.01,2458740.431,3.512,13.504,3.639,8.551,Promoted to TOI
162631539,162631539.01,2458978.279,nan,2.9,5.5,0.434,Promoted to TOI
164786087,164786087.01,2458684.868,4.076,nan,3.552,11.486,Promoted to TOI
164892194,164892194.01,2458685.037,3.028,nan,2.736,4.581,Promoted to TOI
165464482,165464482.01,2458713.025,4.335,14.865,3.63,9.832,Promoted to TOI
166184426,166184426.01,2458600.44,16.33,nan,1.1,4.352,Promoted to TOI
166834768,166834768.01,2458411.192,3.255,7.52,0.088,3.364,Promoted to TOI
167661160,167661160.01,2458442.07,36.8,4.0,5.1,1.739,Promoted to TOI
167714124,167714124.01,2458439.728,4.163,11.827,3.346,13.756,Promoted to TOI
168281028,168281028.01,2458543.303,4.374,6.33,0.125,3.478,Promoted to TOI
168751223,168751223.01,2458412.921,4.714,7.76,0.112,9.336,Promoted to TOI
169249234,169249234.01,2458550.157,14.373,nan,nan,nan,Promoted to TOI
170434745,170434745.01,2458468.206,1.228,4.19,0.033,1.933,Promoted to TOI
172370679,172370679.01,2458711.98,0.0,nan,4.5,44.322,Promoted to TOI
174302697,174302697.01,2458743.727,0.0,10.0,5.0,2.174,Promoted to TOI
175180796,175180796.01,2458493.443,1.558,3.8,2.714,3.402,Promoted to TOI
175604949,175604949.01,2458492.618,2.649,12.513,2.215,17.449,Promoted to TOI
176780257,176780257.01,2459135.512,nan,5.112,7.464,0.478,Promoted to TOI
176956893,176956893.01,nan,6.907,11.2,8.0,1.63,Promoted to TOI
177079323,177079323.01,2458320.174,5.752,5.82,0.109,0.822,Promoted to TOI
178162579,178162579.01,2458493.862,3.551,11.891,2.393,6.771,Promoted to TOI
178709444,178709444.01,2458576.15,3.472,9.16,0.059,nan,Promoted to TOI
179033846,179033846.01,2458412.992,1.477,6.58,0.052,2.281,Promoted to TOI
179582003,179582003.01,2458518.469,104.611,nan,nan,5.988,Promoted to TOI
180989820,180989820.01,2459261.607,nan,10.03,6.6,3.97,Promoted to TOI
180991313,180991313.01,2458569.471,2.209,12.01,0.1,8.686,Promoted to TOI
182405015,182405015.01,2458494.364,3.112,14.943,2.589,15.295,Promoted to TOI
186936449,186936449.01,2458518.648,2.845,4.507,2.48,1.029,Promoted to TOI
188668950,188668950.01,2459400.62,57.337,4.3,5.8,2.805,Promoted to TOI
189620016,189620016.01,2458517.626,1.18,24.75,0.073,5.273,Promoted to TOI
192415680,192415680.01,2458769.02,0.0,7.0,5.8,3.262,Promoted to TOI
192790476,192790476.01,2458452.33,0.0,3.5,3.6,2.391,Promoted to TOI
192976435,192976435.01,2458546.779,4.227,9.487,4.324,2.501,Promoted to TOI
193754373,193754373.01,2458687.19,3.954,17.27,4.196,6.275,Promoted to TOI
194076601,194076601.01,2459801.216,20.419,14.31,9.2,9.558,Promoted to TOI
199949052,199949052.01,2459825.573,0.587,4.2,1.1,0.874,Promoted to TOI
200606159,200606159.01,2458742.81,11.947,15.752,3.755,16.866,Promoted to TOI
200743403,200743403.01,2458377.316,7.998,9.85,0.15,5.634,Promoted to TOI
201177276,201177276.01,2458324.094,5.47,11.65,0.088,31.781,Promoted to TOI
201660996,201660996.01,2458656.373,3.503,15.653,3.232,15.044,Promoted to TOI
202425357,202425357.01,2458712.269,3.622,15.3,2.311,9.436,Promoted to TOI
204650483,204650483.01,2458575.64,9.96,nan,10.0,1.195,Promoted to TOI
204671232,204671232.01,2458569.069,8.715,12.04,0.171,13.522,Promoted to TOI
204698337,204698337.01,2458576.766,8.223,nan,nan,nan,Promoted to TOI
206541859,206541859.01,2458372.193,30.084,nan,nan,6.862,Promoted to TOI
206906112,206906112.01,2459226.216,nan,9.33,4.13,2.76,Promoted to TOI
207339000,207339000.01,2458684.298,4.618,13.758,2.775,21.98,Promoted to TOI
207425203,207425203.01,2458712.117,1.224,7.91,1.325,1.554,Promoted to TOI
207501148,207501148.01,2459007.727,nan,12.8,4.6,8.502,Promoted to TOI
209464063,209464063.01,2458424.69,119.335,5.0,8.8,2.609,Promoted to TOI
217933560,217933560.01,2458631.451,3.598,15.46,3.133,17.159,Promoted to TOI
219151731,219151731.01,2458437.493,1.485,6.58,0.084,1.033,Promoted to TOI
219181903,219181903.01,2459071.34,12.926,nan,nan,nan,Promoted to TOI
219332978,219332978.01,2458346.6,nan,nan,nan,5.333,Promoted to TOI
219466784,219466784.01,2458872.7,0.0,3.0,9.5,1.086,Promoted to TOI
219508169,219508169.01,2459005.33,6.821,3.54,2.86,1.63,Promoted to TOI
219701535,219701535.01,2458542.233,5.47,12.83,0.103,4.334,Promoted to TOI
219762508,219762508.01,2458685.802,3.235,7.47,1.205,4.498,Promoted to TOI
219766989,219766989.01,2458570.776,0.511,9.0,0.048,3.075,Promoted to TOI
219821826,219821826.01,2458691.732,9.68,14.32,2.183,15.162,Promoted to TOI
219854519,219854519.01,nan,31.03,7.0,12.0,1.956,Promoted to TOI
219879302,219879302.01,2458684.181,6.782,9.36,2.345,10.304,Promoted to TOI
220068921,220068921.01,2458465.885,3.365,11.65,0.141,7.835,Promoted to TOI
220076110,220076110.01,2458463.894,4.808,15.7,0.066,10.743,Promoted to TOI
224299081,224299081.01,2458727.174,21.059,4.5,4.3,1.052,Promoted to TOI
229138584,229138584.01,2458353.074,2.912,5.25,0.138,1.265,Promoted to TOI
229400092,229400092.01,2458684.811,4.142,13.17,2.203,11.876,Promoted to TOI
229490898,229490898.01,2458683.471,2.235,9.53,2.501,3.342,Promoted to TOI
229581160,229581160.01,2458685.895,3.415,13.82,2.723,13.697,Promoted to TOI
229586455,229586455.01,2458685.202,2.2,2.73,1.593,1.358,Promoted to TOI
229608594,229608594.01,2458960.032,nan,3.4,6.9,3.698,Promoted to TOI
229671380,229671380.01,2458683.487,3.939,14.829,5.828,4.347,Promoted to TOI
229715760,229715760.01,2458683.769,11.575,19.38,6.319,16.217,Promoted to TOI
229742722,229742722.01,2458726.137,126.968,9.9,2.667,5.442,Promoted to TOI
229750058,229750058.01,2458693.158,10.181,10.56,3.304,10.033,Promoted to TOI
229787062,229787062.01,2458683.484,1.901,4.28,1.328,1.716,Promoted to TOI
229791084,229791084.01,2458683.923,1.645,19.02,3.055,19.056,Promoted to TOI
230001847,230001847.01,nan,2.994,10.0,7.5,0.869,Promoted to TOI
230087585,230087585.01,2458687.079,8.825,12.14,3.381,5.521,Promoted to TOI
230127302,230127302.04,2458700.732,37.917,nan,3.5,nan,Promoted to TOI
230375747,230375747.01,2458685.57,2.764,18.2,4.533,14.833,Promoted to TOI
230387153,230387153.01,2458686.896,41.754,nan,5.167,nan,Promoted to TOI
230980206,230980206.01,2458357.499,3.376,13.896,3.61,11.903,Promoted to TOI
231071138,231071138.01,2458337.077,18.842,9.1,0.139,6.383,Promoted to TOI
231630147,231630147.01,2458318.393,7.064,18.39,0.151,12.767,Promoted to TOI
232641326,232641326.01,2458684.765,35.739,18.34,5.625,11.511,Promoted to TOI
232982938,232982938.01,2458690.731,9.094,8.83,5.243,2.91,Promoted to TOI
233047097,233047097.01,2458692.244,11.309,7.99,1.501,3.744,Promoted to TOI
233068569,233068569.01,2458686.88,8.379,5.94,3.732,3.844,Promoted to TOI
233078665,233078665.01,2458687.694,6.482,13.49,2.623,5.545,Promoted to TOI
233188747,233188747.01,2458683.605,3.451,13.898,3.19,16.033,Promoted to TOI
233497719,233497719.01,2458686.495,3.801,13.85,3.192,17.284,Promoted to TOI
233503636,233503636.01,2458685.826,3.406,6.73,1.324,1.485,Promoted to TOI
233823679,233823679.01,2458713.577,2.758,9.164,3.42,5.515,Promoted to TOI
234489133,234489133.01,2458491.724,3.6,15.557,4.794,10.546,Promoted to TOI
235078021,235078021.01,2458434.382,5.219,4.21,0.086,1.564,Promoted to TOI
235901733,235901733.01,2459413.813,nan,14.0,7.5,13.657,Promoted to TOI
235943205,235943205.01,2458827.03,0.0,4.0,6.0,5.442,Promoted to TOI
236785891,236785891.01,2458842.957,0.929,11.45,1.187,50.515,Promoted to TOI
237201858,237201858.01,2458811.51,0.0,4.3,10.9,1.086,Promoted to TOI
237204346,237204346.01,2458684.274,3.046,2.072,3.502,0.276,Promoted to TOI
237205154,237205154.01,2458683.523,5.893,13.803,3.844,12.799,Promoted to TOI
237406657,237406657.01,2458470.639,3.747,3.425,4.793,0.255,Promoted to TOI
237637903,237637903.01,2458471.716,4.105,13.351,3.326,9.66,Promoted to TOI
237913194,237913194.01,2458319.151,15.169,1.24,nan,nan,Promoted to TOI
237922465,237922465.01,2458409.141,8.276,nan,nan,0.755,Promoted to TOI
238542895,238542895.01,2458485.889,8.384,nan,nan,nan,Promoted to TOI
238932509,238932509.01,2458595.897,3.493,nan,1.2,14.68,Promoted to TOI
239638934,239638934.01,2458712.806,6.001,9.266,4.2,5.753,Promoted to TOI
239816546,239816546.01,2458816.314,2.989,15.55,3.019,13.753,Promoted to TOI
243187830,243187830.01,2458783.77,0.0,2.0,2.5,0.652,Promoted to TOI
243333538,243333538.01,2458684.275,2.999,5.688,2.97,2.718,Promoted to TOI
243335710,243335710.01,2458689.158,13.702,17.28,5.964,12.213,Promoted to TOI
248387177,248387177.01,2459132.818,nan,8.113,3.792,9.914,Promoted to TOI
248655096,248655096.01,2458439.638,2.762,2.93,2.163,1.144,Promoted to TOI
248655556,248655556.01,2458440.246,13.118,12.533,4.576,4.771,Promoted to TOI
250707118,250707118.01,2458797.579,11.446,13.777,4.012,8.509,Promoted to TOI
252469648,252469648.01,2458872.729,5.918,2.496,2.647,1.415,Promoted to TOI
255588086,255588086.01,2459963.647,0.897,10.0,1.7,2.783,Promoted to TOI
255780160,255780160.01,2458470.528,3.877,3.61,3.225,0.659,Promoted to TOI
256158543,256158543.01,2458627.062,5.065,15.058,4.432,10.78,Promoted to TOI
256349966,256349966.01,2458753.578,14.587,12.731,0.177,4.754,Promoted to TOI
256722647,256722647.01,2458800.5,2.923,nan,7.0,4.025,Promoted to TOI
257060897,257060897.01,2458683.378,3.66,18.286,4.662,8.586,Promoted to TOI
257067559,257067559.01,2458492.005,3.483,14.633,3.674,6.118,Promoted to TOI
257527578,257527578.01,2458432.977,nan,nan,nan,3.916,Promoted to TOI
257605131,257605131.02,2458411.005,1.858,1.85,1.712,0.421,Promoted to TOI
257605131,257605131.03,2458411.791,3.064,1.82,3.723,0.41,Promoted to TOI
258234731,258234731.01,2459964.625,6.424,14.84,4.0,21.533,Promoted to TOI
258389327,258389327.01,2458691.865,26.542,18.28,3.017,10.823,Promoted to TOI
258510872,258510872.01,2458716.126,6.543,15.47,4.036,7.079,Promoted to TOI
258871793,258871793.01,2458684.154,9.146,12.82,4.774,9.245,Promoted to TOI
258917846,258917846.01,2458605.097,32.29,4.8,8.3,1.402,Promoted to TOI
258920431,258920431.01,2458684.647,5.984,11.994,5.577,4.056,Promoted to TOI
260004324,260004324.01,2458357.937,3.816,1.15,nan,nan,Promoted to TOI
260417932,260417932.02,2458318.371,7.986,1.84,0.115,0.515,Promoted to TOI
260849386,260849386.01,2458491.712,0.517,4.48,0.05,0.394,Promoted to TOI
261135533,261135533.01,2458744.263,14.48,1.455,2.433,1.605,Promoted to TOI
261257684,261257684.02,2459386.3,83.98,nan,6.0,2.174,Promoted to TOI
262689575,262689575.01,2459449.418,1.616,1.094,1.545,0.312,Promoted to TOI
262843259,262843259.01,2458357.615,nan,nan,nan,1.412,Promoted to TOI
264052454,264052454.01,2459719.635,2.347,9.5,1.5,6.534,Promoted to TOI
264544388,264544388.01,2458824.8,0.0,3.5,15.0,0.543,Promoted to TOI
265010875,265010875.01,2458494.084,6.409,nan,nan,nan,Promoted to TOI
265076459,265076459.01,2458494.569,3.405,nan,nan,8.502,Promoted to TOI
267545252,267545252.01,2458683.53,3.379,13.799,3.093,19.44,Promoted to TOI
268187322,268187322.01,2458496.527,5.479,15.923,4.639,6.162,Promoted to TOI
268301217,268301217.01,2458544.41,0.947,13.36,1.105,14.317,Promoted to TOI
268604331,268604331.01,2458686.743,5.013,nan,4.085,1.209,Promoted to TOI
268823307,268823307.01,2458685.348,3.547,nan,5.798,6.901,Promoted to TOI
269243313,269243313.01,2459802.485,9.735,4.2,4.8,0.977,Promoted to TOI
269269546,269269546.01,2458685.107,4.438,nan,3.661,1.487,Promoted to TOI
269333648,269333648.01,2458538.5,nan,nan,nan,3.807,Promoted to TOI
269859655,269859655.01,2458544.685,2.992,16.429,2.843,20.297,Promoted to TOI
270456887,270456887.01,2458519.048,2.268,15.18,0.1,7.852,Promoted to TOI
271042217,271042217.01,2458684.994,1.856,nan,1.909,3.272,Promoted to TOI
271354351,271354351.01,2458684.085,3.901,nan,3.415,1.941,Promoted to TOI
272670038,272670038.01,2458912.439,104.293,7.1,5.3,2.228,Promoted to TOI
272758199,272758199.01,2458684.986,3.661,14.35,2.484,21.261,Promoted to TOI
272785423,272785423.01,2458685.872,3.24,14.333,3.066,20.131,Promoted to TOI
273418421,273418421.01,2458681.577,43.38,2.2,5.3,0.63,Promoted to TOI
273874849,273874849.01,2458684.549,1.485,nan,2.639,11.143,Promoted to TOI
273985865,273985865.03,2458359.538,17.726,2.778,3.95,1.123,Promoted to TOI
274599700,274599700.01,2459002.12,32.98,13.3,8.2,8.721,Promoted to TOI
276376289,276376289.01,2458716.938,nan,16.133,3.7,19.129,Promoted to TOI
279095914,279095914.01,2458147.635,3.576,2.035,2.054,1.033,Promoted to TOI
279327604,279327604.01,2458325.252,1.427,6.15,0.05,3.029,Promoted to TOI
279383896,279383896.01,2458771.671,12.032,12.858,4.875,4.832,Promoted to TOI
279514271,279514271.01,2458351.834,9.772,10.91,0.304,1.818,Promoted to TOI
279947414,279947414.01,2458791.69,4.066,13.149,2.155,20.082,Promoted to TOI
280024247,280024247.01,2459915.469,5.493,6.0,3.8,1.093,Promoted to TOI
280031353,280031353.03,2459398.736,nan,8.6,17.4,10.802,Promoted to TOI
280865159,280865159.01,2458387.08,0.0,nan,12.0,2.174,Promoted to TOI
281837575,281837575.01,2459526.76,2.386,3.534,1.704,1.507,Promoted to TOI
281837575,281837575.02,2459527.236,5.213,10.685,1.52,10.993,Promoted to TOI
282498590,282498590.01,2458464.711,10.108,19.68,0.226,16.927,Promoted to TOI
282940781,282940781.01,2458731.648,29.126,nan,4.5,nan,Promoted to TOI
283307274,283307274.01,2459233.128,17.8,11.7,5.0,6.534,Promoted to TOI
284173938,284173938.01,2458817.484,2.916,14.451,3.651,12.347,Promoted to TOI
284206913,284206913.01,2458768.011,10.511,9.617,3.203,8.374,Promoted to TOI
284361752,284361752.01,2459032.093,nan,3.6,10.0,0.728,Promoted to TOI
284679064,284679064.01,2458712.601,4.21,7.965,2.913,8.697,Promoted to TOI
284859630,284859630.01,2458440.048,7.543,4.908,4.274,1.885,Promoted to TOI
285272237,285272237.01,2458795.809,13.917,6.15,2.797,3.332,Promoted to TOI
285466025,285466025.01,2459887.395,7.372,4.84,8.15,0.378,Promoted to TOI
285505979,285505979.01,2458789.439,4.709,5.475,0.052,4.123,Promoted to TOI
285524410,285524410.01,2458491.736,3.025,nan,3.658,3.38,Promoted to TOI
286000547,286000547.01,2458516.542,7.497,10.06,0.172,15.067,Promoted to TOI
287145649,287145649.01,2458546.403,3.602,3.48,3.136,1.03,Promoted to TOI
287643871,287643871.01,2458753.416,nan,15.741,4.2,4.775,Promoted to TOI
287959034,287959034.01,2459698.674,3.85,7.7,1.4,4.352,Promoted to TOI
288428649,288428649.01,2458687.78,5.915,3.5,3.473,1.62,Promoted to TOI
288636342,288636342.02,2458686.822,32.208,8.37,8.133,3.008,Promoted to TOI
288636599,288636599.01,2458686.016,19.967,10.72,6.564,6.511,Promoted to TOI
290036495,290036495.01,2458570.458,5.252,20.4,0.082,23.179,Promoted to TOI
292202337,292202337.01,2458619.208,nan,4.57,4.2,1.951,Promoted to TOI
292477426,292477426.01,2458654.934,4.18,16.773,4.112,6.428,Promoted to TOI
293880523,293880523.01,2458704.513,nan,13.263,7.5,4.324,Promoted to TOI
294500964,294500964.01,2458488.147,9.068,7.01,0.093,4.581,Promoted to TOI
294691204,294691204.01,2458622.683,6.586,5.84,0.077,1.598,Promoted to TOI
296737508,296737508.01,2458538.0,nan,nan,13.0,1.956,Promoted to TOI
298070500,298070500.01,2458688.338,6.582,1.886,3.665,0.266,Promoted to TOI
298663873,298663873.01,2458830.79,0.0,10.0,23.3,4.352,Promoted to TOI
299220166,299220166.01,2458686.08,3.218,nan,2.118,9.522,Promoted to TOI
299780329,299780329.01,2458336.571,1.602,nan,0.45,0.869,Promoted to TOI
300604770,300604770.01,2458325.625,3.456,10.226,2.354,11.0,Promoted to TOI
301343785,301343785.01,2458412.771,1.172,12.23,0.06,2.708,Promoted to TOI
302333151,302333151.01,2458324.741,1.441,7.25,0.073,4.481,Promoted to TOI
302381397,302381397.01,2458818.452,2.728,13.385,2.593,10.848,Promoted to TOI
302924206,302924206.01,2458324.583,6.944,10.69,0.118,4.756,Promoted to TOI
303317324,303317324.01,2458365.19,nan,nan,nan,1.63,Promoted to TOI
303586471,303586471.01,2458363.77,17.58,nan,4.21,0.543,Promoted to TOI
304142124,304142124.01,2458585.282,0.0,5.5,5.6,2.174,Promoted to TOI
304339227,304339227.01,2458673.33,0.0,3.0,5.6,0.543,Promoted to TOI
306337838,306337838.01,2458380.552,6.001,7.87,0.144,6.537,Promoted to TOI
306472057,306472057.01,2458288.309,139.314,10.4,12.14,5.043,Promoted to TOI
306648160,306648160.01,2458626.701,3.653,16.084,4.302,10.498,Promoted to TOI
306996324,306996324.01,2458579.656,8.24,1.64,0.102,nan,Promoted to TOI
306996324,306996324.02,2458588.26,15.66,1.91,0.117,nan,Promoted to TOI
307734818,307734818.01,2458900.911,2.107,11.0,1.9,29.718,Promoted to TOI
307958020,307958020.01,2458864.82,0.0,3.5,10.0,0.543,Promoted to TOI
308073360,308073360.01,2458876.281,11.894,nan,nan,nan,Promoted to TOI
308301091,308301091.01,2459030.369,nan,5.4,6.6,1.412,Promoted to TOI
308425348,308425348.01,2458598.976,3.399,5.87,3.479,2.663,Promoted to TOI
308778563,308778563.01,2458790.613,6.859,13.016,0.219,3.191,Promoted to TOI
310002617,310002617.01,2458685.33,3.177,13.84,3.004,14.03,Promoted to TOI
311179742,311179742.01,2458624.24,8.32,10.65,0.159,2.679,Promoted to TOI
313006381,313006381.01,2458705.687,nan,nan,3.83,0.739,Promoted to TOI
313891529,313891529.01,2459092.276,nan,nan,5.208,8.13,Promoted to TOI
317019074,317019074.01,2458467.874,1.205,8.58,0.026,1.709,Promoted to TOI
317252733,317252733.01,2458819.143,3.353,12.312,3.964,12.394,Promoted to TOI
317483660,317483660.01,2458467.871,3.332,15.19,0.162,13.393,Promoted to TOI
318209162,318209162.01,2459580.39,23.236,15.85,3.3,23.027,Promoted to TOI
318812447,318812447.01,2459147.134,nan,6.8,4.8,4.57,Promoted to TOI
321086563,321086563.01,2458494.057,3.97,12.981,4.596,3.686,Promoted to TOI
321578632,321578632.01,2459915.794,6.364,2.8,3.0,0.868,Promoted to TOI
321668398,321668398.01,2458684.76,5.644,11.06,2.356,4.151,Promoted to TOI
322807675,322807675.01,2458538.302,9.703,9.53,0.097,12.218,Promoted to TOI
323194443,323194443.01,2458767.802,3.908,7.883,3.155,13.884,Promoted to TOI
323295479,323295479.01,2458622.93,nan,nan,6.3,8.721,Promoted to TOI
323295908,323295908.01,2458417.653,7.706,12.383,3.386,16.363,Promoted to TOI
327369524,327369524.01,2458767.257,4.024,8.634,3.743,2.141,Promoted to TOI
328081248,328081248.01,2459772.335,4.165,2.1,2.0,2.84,Promoted to TOI
328502522,328502522.01,2459534.489,nan,9.968,6.534,4.526,Promoted to TOI
328814605,328814605.01,2458823.368,11.384,12.969,5.593,5.214,Promoted to TOI
328933398,328933398.01,2458706.449,24.934,nan,4.93,1.441,Promoted to TOI
328933398,328933398.02,2458848.645,0.0,nan,6.97,1.347,Promoted to TOI
328934463,328934463.01,2458939.783,11.234,nan,nan,nan,Promoted to TOI
330218897,330218897.01,2459797.706,3.42,3.6,1.9,0.81,Promoted to TOI
331146317,331146317.01,2458740.85,2.388,19.309,2.708,12.435,Promoted to TOI
332558858,332558858.01,2458448.316,13.34,nan,nan,8.721,Promoted to TOI
332579116,332579116.01,2458441.196,3.902,12.118,1.993,24.025,Promoted to TOI
332860211,332860211.01,2458469.638,4.444,16.362,2.876,18.175,Promoted to TOI
333734769,333734769.01,2458542.511,1.509,8.64,0.079,2.158,Promoted to TOI
334482103,334482103.01,2458492.273,3.726,11.637,2.132,9.324,Promoted to TOI
334597566,334597566.01,2458743.399,9.11,nan,10.0,3.807,Promoted to TOI
334632624,334632624.01,2459262.07,nan,3.5,6.2,7.627,Promoted to TOI
335952150,335952150.01,2458880.324,nan,6.816,nan,2.107,Promoted to TOI
336075472,336075472.01,2459028.176,nan,3.1,5.4,1.739,Promoted to TOI
336399144,336399144.01,2458738.924,5.703,8.022,3.372,3.361,Promoted to TOI
337385330,337385330.01,2459515.712,15.536,1.736,3.473,0.749,Promoted to TOI
339207264,339207264.01,24549912.8,5.482,15.28,5.2,7.083,Promoted to TOI
340228388,340228388.01,2458599.301,3.173,14.279,2.261,18.951,Promoted to TOI
342167886,342167886.01,2459297.111,17.3,19.8,5.2,10.912,Promoted to TOI
344085117,344085117.01,2458468.578,0.66,16.39,0.054,1.424,Promoted to TOI
347357977,347357977.01,2458514.237,12.686,5.58,0.18,2.758,Promoted to TOI
348755728,348755728.01,2458517.81,4.506,5.0,1.973,10.435,Promoted to TOI
348756659,348756659.01,2458514.883,3.725,13.95,0.136,19.906,Promoted to TOI
348835438,348835438.01,2458521.5,6.21,nan,nan,1.412,Promoted to TOI
349488688,349488688.01,2458994.282,11.625,3.4,nan,0.76,Promoted to TOI
349576261,349576261.01,2458456.878,225.1,13.0,4.6,nan,Promoted to TOI
349582831,349582831.01,2458816.954,3.454,17.02,2.222,14.45,Promoted to TOI
349972412,349972412.01,2458401.398,81.835,nan,nan,9.487,Promoted to TOI
350814622,350814622.01,2458684.495,3.213,nan,4.296,0.636,Promoted to TOI
353586703,353586703.01,2458840.991,3.004,26.527,0.062,8.793,Promoted to TOI
353893493,353893493.01,2459450.495,3.353,3.237,2.31,1.845,Promoted to TOI
353960022,353960022.01,2458819.195,3.921,21.58,4.43,19.738,Promoted to TOI
354173595,354173595.01,2459826.051,1.727,1.3,1.4,1.152,Promoted to TOI
354518617,354518617.01,2458480.944,12.719,3.478,2.888,1.103,Promoted to TOI
354518617,354518617.02,2458472.355,22.751,3.487,3.255,1.108,Promoted to TOI
355446093,355446093.01,2458313.977,15.944,9.98,0.161,4.031,Promoted to TOI
355640518,355640518.01,2458817.088,0.85,20.21,1.328,80.814,Promoted to TOI
355867695,355867695.03,2458879.319,nan,nan,3.667,1.739,Promoted to TOI
356700488,356700488.01,2458756.65,0.0,3.0,9.0,0.434,Promoted to TOI
356710041,356710041.01,2458932.29,0.0,10.0,12.0,2.718,Promoted to TOI
356919658,356919658.01,2458683.93,1.426,5.42,2.07,1.538,Promoted to TOI
358579111,358579111.01,2458344.542,14.22,10.21,0.295,3.195,Promoted to TOI
359357695,359357695.01,2458598.459,1.726,5.96,1.492,10.539,Promoted to TOI
360816293,360816293.01,2458597.648,3.551,15.518,2.785,8.581,Promoted to TOI
360816296,360816296.01,2458597.648,3.551,17.902,2.785,8.581,Promoted to TOI
364395234,364395234.01,2458543.98,1.375,10.261,1.92,7.998,Promoted to TOI
367630162,367630162.03,2458696.334,15.182,2.201,3.549,0.965,Promoted to TOI
367630162,367630162.04,2458687.799,9.56,1.6,3.026,0.511,Promoted to TOI
367630162,367630162.05,2458685.358,1.98,1.194,1.681,0.268,Promoted to TOI
368435330,368435330.01,2458902.878,3.644,nan,2.433,nan,Promoted to TOI
368678195,368678195.01,2458791.595,2.84,22.71,2.69,53.077,Promoted to TOI
369376388,369376388.01,2458412.484,1.541,3.47,0.067,1.657,Promoted to TOI
369532319,369532319.01,2458755.81,0.0,nan,5.6,2.174,Promoted to TOI
370138999,370138999.01,2458323.309,11.452,10.94,0.15,3.143,Promoted to TOI
371443216,371443216.01,2458599.015,2.823,14.5,nan,6.534,Promoted to TOI
371864043,371864043.01,2458571.788,2.96,18.232,3.789,7.535,Promoted to TOI
372207328,372207328.01,2458738.864,0.279,0.808,0.027,0.807,Promoted to TOI
372443687,372443687.01,2458657.771,4.295,11.868,2.857,12.141,Promoted to TOI
372596795,372596795.01,2458571.058,3.537,14.38,2.678,6.681,Promoted to TOI
372596796,372596796.01,2458571.058,3.537,14.461,2.737,6.833,Promoted to TOI
376645976,376645976.01,2458943.83,nan,52.194,nan,296.173,Promoted to TOI
376847633,376847633.01,2459408.647,nan,10.0,16.5,3.807,Promoted to TOI
380836882,380836882.01,2458660.842,8.012,nan,nan,nan,Promoted to TOI
382200986,382200986.01,2458243.916,92.495,8.07,0.286,12.108,Promoted to TOI
382602147,382602147.01,2458323.386,2.136,11.72,0.082,31.879,Promoted to TOI
383721338,383721338.01,2459402.503,nan,11.9,7.2,5.988,Promoted to TOI
384159646,384159646.01,2458630.392,0.0,8.771,5.0,5.442,Promoted to TOI
386131764,386131764.01,2459253.582,nan,10.53,2.4,3.616,Promoted to TOI
387409975,387409975.01,2458739.847,5.018,4.95,3.038,2.158,Promoted to TOI
388076422,388076422.01,2458956.477,2.577,11.39,1.66,55.405,Promoted to TOI
388198242,388198242.01,2458325.189,0.505,4.76,0.037,2.321,Promoted to TOI
393546540,393546540.01,2459537.505,nan,3.1,nan,0.804,Promoted to TOI
393546540,393546540.02,2459563.131,nan,3.3,6.0,1.488,Promoted to TOI
394287035,394287035.01,2458330.482,17.102,nan,nan,8.283,Promoted to TOI
394346745,394346745.01,2458327.84,3.402,15.582,3.265,15.1,Promoted to TOI
394721720,394721720.01,2459036.55,1.069,nan,nan,2.802,Promoted to TOI
394918211,394918211.01,2458611.0,4.378,nan,9.0,1.412,Promoted to TOI
396368313,396368313.01,2458599.055,3.09,17.41,1.492,10.441,Promoted to TOI
396896334,396896334.01,2458441.838,5.76,15.706,3.15,18.072,Promoted to TOI
399346877,399346877.01,2458792.026,3.961,1.868,3.581,0.159,Promoted to TOI
399860444,399860444.01,2458686.4,2.468,nan,3.381,37.438,Promoted to TOI
399868187,399868187.01,2458438.315,1.233,nan,nan,1.847,Promoted to TOI
399967279,399967279.01,2458440.324,nan,nan,nan,23.043,Promoted to TOI
400103802,400103802.01,2458817.927,4.251,12.037,2.892,15.035,Promoted to TOI
400430915,400430915.01,2458685.07,2.186,11.88,3.962,3.491,Promoted to TOI
400432230,400432230.01,2458684.205,3.183,14.634,2.41,5.909,Promoted to TOI
400476523,400476523.01,2458700.97,54.313,17.29,4.85,10.047,Promoted to TOI
400786146,400786146.01,2459323.081,22.153,13.4,nan,6.239,Promoted to TOI
401125028,401125028.01,2458515.771,5.175,10.24,0.083,14.194,Promoted to TOI
403136415,403136415.01,2458326.378,2.513,14.0,2.411,21.935,Promoted to TOI
403507814,403507814.01,2458627.34,2.78,19.642,3.463,12.738,Promoted to TOI
404518509,404518509.01,2458431.29,0.0,3.0,5.0,0.869,Promoted to TOI
404610583,404610583.01,2459826.813,3.538,12.07,2.6,12.937,Promoted to TOI
405452527,405452527.01,2458516.485,11.555,22.32,0.292,19.829,Promoted to TOI
405717754,405717754.01,2458687.512,4.439,nan,4.973,16.531,Promoted to TOI
405788729,405788729.01,2458742.12,4.226,nan,6.0,1.086,Promoted to TOI
406495245,406495245.01,2459529.661,7.62,8.7,4.0,1.739,Promoted to TOI
407146536,407146536.01,2458634.8,2.098,nan,3.0,1.63,Promoted to TOI
407591297,407591297.01,2458870.66,2.593,0.86,1.213,0.897,Promoted to TOI
407653728,407653728.01,2458714.814,6.504,14.655,3.708,12.028,Promoted to TOI
408636441,408636441.01,2458745.47,75.4,4.9,5.6,2.718,Promoted to TOI
415399713,415399713.01,2459176.65,nan,2.6,7.7,0.724,Promoted to TOI
415443327,415443327.01,2458440.584,4.89,3.641,3.924,0.578,Promoted to TOI
415969908,415969908.02,2458381.07,52.74,2.02,nan,nan,Promoted to TOI
417646390,417646390.01,2458819.394,3.802,14.342,3.329,7.796,Promoted to TOI
417942201,417942201.01,2458817.719,4.231,16.102,4.735,5.184,Promoted to TOI
418012030,418012030.01,2458933.378,6.686,nan,nan,nan,Promoted to TOI
418255064,418255064.01,2458629.34,0.0,nan,6.3,6.534,Promoted to TOI
419523962,419523962.01,nan,5.8,nan,7.5,2.718,Promoted to TOI
420016507,420016507.01,2458411.458,3.407,18.072,4.213,11.826,Promoted to TOI
420177051,420177051.01,2458685.774,4.048,14.858,3.251,12.984,Promoted to TOI
420268415,420268415.01,nan,3.518,nan,4.5,5.442,Promoted to TOI
420645189,420645189.01,2458837.474,0.0,7.5,6.0,0.543,Promoted to TOI
422385684,422385684.01,2458739.111,2.775,17.494,3.48,9.373,Promoted to TOI
422914082,422914082.01,2458431.56,0.0,3.5,4.0,2.174,Promoted to TOI
425997655,425997655.05,2458330.836,7.908,1.162,3.013,0.259,Promoted to TOI
428892437,428892437.01,2458819.483,3.752,13.559,3.619,17.818,Promoted to TOI
431810418,431810418.01,2459833.382,9.227,2.6,3.8,0.543,Promoted to TOI
431810418,431810418.02,2459830.06,nan,3.1,5.9,0.76,Promoted to TOI
432132155,432132155.01,2458516.245,4.898,13.96,0.172,10.778,Promoted to TOI
432280671,432280671.01,2459861.659,16.212,7.28,6.2,3.991,Promoted to TOI
434116397,434116397.01,2459825.845,0.59,1.68,1.25,0.563,Promoted to TOI
434477274,434477274.01,2458544.192,2.896,11.08,0.074,6.341,Promoted to TOI
436102447,436102447.01,2458465.654,5.187,19.74,0.307,5.002,Promoted to TOI
436637677,436637677.01,2458434.936,11.927,20.09,0.26,12.703,Promoted to TOI
436873727,436873727.01,2458803.84,0.0,9.0,5.5,2.718,Promoted to TOI
437011608,437011608.01,2459500.336,4.241,2.85,2.744,0.963,Promoted to TOI
437740083,437740083.01,2458764.663,5.603,16.108,0.121,5.944,Promoted to TOI
438073782,438073782.01,2458468.984,3.641,18.633,3.871,10.808,Promoted to TOI
440624788,440624788.01,2459939.481,5.366,10.94,2.7,9.541,Promoted to TOI
441155146,441155146.01,2458327.617,3.551,14.235,2.948,19.372,Promoted to TOI
441159680,441159680.01,2458320.052,5.75,13.61,0.162,19.139,Promoted to TOI
441453629,441453629.01,2458329.237,4.201,15.597,2.676,26.877,Promoted to TOI
441642457,441642457.01,2458745.51,0.0,nan,5.0,1.086,Promoted to TOI
441739020,441739020.03,2458699.901,123.038,3.802,8.433,0.809,Promoted to TOI
441763252,441763252.01,2458684.793,2.771,12.527,2.379,23.182,Promoted to TOI
441765914,441765914.01,2458769.6,0.0,3.5,7.0,2.174,Promoted to TOI
441804533,441804533.01,2458687.986,16.304,2.373,3.546,1.361,Promoted to TOI
443616612,443616612.01,2459533.349,nan,10.354,11.201,31.181,Promoted to TOI
445456888,445456888.01,2458487.871,5.544,15.63,0.182,6.726,Promoted to TOI
445582110,445582110.01,2458492.217,3.058,13.43,3.002,6.375,Promoted to TOI
446158352,446158352.01,2458818.668,4.043,17.124,4.517,8.737,Promoted to TOI
446370039,446370039.01,2459284.973,4.599,nan,9.0,2.174,Promoted to TOI
449197624,449197624.01,2458433.73,6.791,16.75,0.085,5.906,Promoted to TOI
452810326,452810326.01,2458439.365,2.354,8.378,2.196,2.931,Promoted to TOI
452810327,452810327.01,2458439.365,2.354,11.91,2.196,2.932,Promoted to TOI
453060368,453060368.01,2459262.262,nan,13.5,4.0,21.935,Promoted to TOI
454248975,454248975.01,2458571.801,3.902,18.378,4.946,9.676,Promoted to TOI
455036659,455036659.01,2458440.708,4.007,5.818,4.531,0.996,Promoted to TOI
455737331,455737331.01,2458780.7,0.0,nan,7.0,0.109,Promoted to TOI
456260074,456260074.01,2458853.484,nan,3.205,nan,1.67,Promoted to TOI
456306892,456306892.01,2458854.458,33.531,9.6,4.1,13.657,Promoted to TOI
456945304,456945304.01,nan,2.141,2.727,1.758,0.734,Promoted to TOI
457104362,457104362.01,2458843.355,4.816,17.079,4.583,19.433,Promoted to TOI
458481611,458481611.01,2458758.046,61.318,6.2,6.0,5.628,Promoted to TOI
458641144,458641144.01,2458493.843,4.697,16.286,3.253,11.56,Promoted to TOI
458890024,458890024.01,2458787.664,5.14,5.001,0.091,3.899,Promoted to TOI
459735346,459735346.01,2459798.615,7.17,3.0,3.6,0.91,Promoted to TOI
459997997,459997997.01,2458573.559,5.55,15.51,5.937,5.3,Promoted to TOI
462162963,462162963.01,2458558.524,1.355,23.84,2.089,6.163,Promoted to TOI
462206806,462206806.01,2458545.385,3.374,16.575,3.434,12.076,Promoted to TOI
466206508,466206508.01,2459054.979,nan,13.26,7.056,9.969,Promoted to TOI
466382581,466382581.01,2459797.336,5.379,3.0,1.33,1.447,Promoted to TOI
467649533,467649533.01,2459913.845,7.483,11.81,6.6,2.794,Promoted to TOI
468832904,468832904.01,2458817.395,1.401,17.002,2.346,23.654,Promoted to TOI
468979441,468979441.01,2459235.605,nan,6.0,6.0,3.055,Promoted to TOI
468981993,468981993.01,2458479.883,15.955,9.73,0.186,5.454,Promoted to TOI
470171739,470171739.01,2458795.184,4.617,17.981,4.653,10.494,Promoted to TOI
